{
"lengthUnit": "mil",
"components": {
	"fields": ["COMPONENT_NO", "COMPONENT_NAME", "LAYER", "X_COORDINATE", "Y_COORDINATE", "ANGLE"],
	"rows": [
		[1, "D1", "T", 565, 1010, 180],
		[2, "D2", "T", 565, 680, 180],
		[3, "D3", "T", 565, 350, 180],
		[4, "D4", "T", 680, 190, 180],
		[5, "D5", "T", 450, 190, 180],
		[6, "H1", "T", 1279.53, 2066.93, 0],
		[7, "LED1", "T", 495, 1110, 180],
		[8, "LED2", "T", 1075, 1205, 0],
		[9, "LED3", "T", 1930, 1205, 0],
		[10, "LED4", "T", 1075, 295, 0],
		[11, "LED5", "T", 1930, 295, 0],
		[12, "LED6", "T", 495, 778.8, 180],
		[13, "LED7", "T", 1075, 1105, 0],
		[14, "LED8", "T", 1930, 1105, 0],
		[15, "LED9", "T", 1075, 195, 0],
		[16, "LED10", "T", 1930, 195, 0],
		[17, "LED11", "T", 495, 447.5, 180],
		[18, "LED12", "T", 1075, 1005, 0],
		[19, "LED13", "T", 1930, 1005, 0],
		[20, "LED14", "T", 1075, 95, 0],
		[21, "LED15", "T", 1930, 95, 0],
		[22, "LED16", "T", 450, 1695, 0],
		[23, "LED17", "T", 598.33, 1695, 0],
		[24, "LED18", "T", 746.66, 1695, 0],
		[25, "LED19", "T", 895, 1695, 0],
		[26, "LED20", "T", 450, 1365, 0],
		[27, "LED21", "T", 598.3, 1365, 0],
		[28, "LED22", "T", 746.7, 1365, 0],
		[29, "LED23", "T", 895, 1365, 0],
		[30, "Q1", "T", 780, 1025.45, 0],
		[31, "Q2", "T", 782.61, 695, 0],
		[32, "Q3", "T", 780, 356.7, 0],
		[33, "R3", "T", 1605, 1280, 0],
		[34, "R4", "T", 1506.45, 1834.51, 0],
		[35, "R7", "T", 2111.02, 1890, 180],
		[36, "R8", "T", 2385, 1865, 180],
		[37, "R11", "T", 1510, 360, 0],
		[38, "R12", "T", 1620, 930, 180],
		[39, "R15", "T", 2287.26, 393.22, 180],
		[40, "R16", "T", 2335, 990, 180],
		[41, "R18", "T", 879.59, 1153.49, 270],
		[42, "R19", "T", 625, 1110, 180],
		[43, "R20", "T", 945, 1205, 0],
		[44, "R21", "T", 1800, 1205, 0],
		[45, "R22", "T", 945, 295, 0],
		[46, "R23", "T", 1800, 295, 0],
		[47, "R24", "T", 875, 880, 270],
		[48, "R25", "T", 625, 778.8, 180],
		[49, "R26", "T", 945, 1105, 0],
		[50, "R27", "T", 1800, 1105, 0],
		[51, "R28", "T", 945, 195, 0],
		[52, "R29", "T", 1800, 195, 0],
		[53, "R30", "T", 897.46, 525.23, 270],
		[54, "R31", "T", 623.62, 447.5, 180],
		[55, "R32", "T", 945, 1005, 0],
		[56, "R33", "T", 1800, 1005, 0],
		[57, "R34", "T", 945, 95, 0],
		[58, "R35", "T", 1800, 95, 0],
		[59, "R36", "T", 450, 1635, 180],
		[60, "R37", "T", 598.3, 1635, 180],
		[61, "R38", "T", 746.7, 1635, 180],
		[62, "R39", "T", 895, 1635, 180],
		[63, "R40", "T", 453.96, 1297.74, 180],
		[64, "R41", "T", 598.3, 1295, 180],
		[65, "R42", "T", 746.7, 1295, 180],
		[66, "R43", "T", 895, 1295, 180],
		[67, "R44", "T", 230.28, 1929.03, 180],
		[68, "R45", "T", 517.02, 1576.19, 180],
		[69, "R46", "T", 607.82, 927.49, 180],
		[70, "R48", "T", 607.63, 274.22, 180],
		[71, "R49", "T", 609.78, 598.94, 180],
		[72, "R50", "T", 1273.87, 1895.25, 0],
		[73, "R51", "T", 1847.68, 1271.57, 0],
		[74, "R52", "T", 1458.79, 952.28, 0],
		[75, "R53", "T", 1815, 925, 180],
		[76, "SW1", "T", 1300, 1550, 90],
		[77, "SW2", "T", 2150, 1550, 90],
		[78, "SW3", "T", 1300, 650, 90],
		[79, "SW4", "T", 2150, 650, 90],
		[80, "SW5", "T", 205, 425, 0],
		[81, "SW6", "T", 205, 756.25, 0],
		[82, "SW7", "T", 205, 1087.5, 0],
		[83, "SW8", "T", 205, 1418.75, 0],
		[84, "SW9", "T", 205, 1750, 0]
	]
},
"pins": {
	"fields": ["PIN_NO", "PIN_NAME", "PIN_X", "PIN_Y", "LAYER", "PIN_TYPE", "NET_NAME", "NET_TYPE", "PAD_SHAPE", "PAD_SIZEX", "PAD_SIZEY", "HOLE_SIZE", "PAD_ANGLE"],
	"rows": [
		[1, "D1_1", 626.02, 1010, "T", "SMD", "SW_ALL_ROOM", "", "R", 39.37, 47.24, 0, 180],
		[2, "D1_2", 503.98, 1010, "T", "SMD", "$2N6573", "", "R", 39.37, 47.24, 0, 180],
		[3, "D2_1", 626.02, 680, "T", "SMD", "SW_SINGLE_SPK", "", "R", 39.37, 47.24, 0, 180],
		[4, "D2_2", 503.98, 680, "T", "SMD", "$2N6576", "", "R", 39.37, 47.24, 0, 180],
		[5, "D3_1", 626.02, 350, "T", "SMD", "SW_SINGLE_ROOM", "", "R", 39.37, 47.24, 0, 180],
		[6, "D3_2", 503.98, 350, "T", "SMD", "$2N6578", "", "R", 39.37, 47.24, 0, 180],
		[7, "D4_1", 741.02, 190, "T", "SMD", "SW_CHG_SPK", "", "R", 39.37, 47.24, 0, 180],
		[8, "D4_2", 618.98, 190, "T", "SMD", "$2N6582", "", "R", 39.37, 47.24, 0, 180],
		[9, "D5_1", 511.02, 190, "T", "SMD", "SW_CHG_ROOM", "", "R", 39.37, 47.24, 0, 180],
		[10, "D5_2", 388.98, 190, "T", "SMD", "$2N6580", "", "R", 39.37, 47.24, 0, 180],
		[11, "H1_1", 329.53, 2016.93, "T", "DIP", "+3.3V", "", "R", 66.93, 66.93, 43.31, 0],
		[12, "H1_1", 329.53, 2016.93, "B", "DIP", "+3.3V", "", "R", 66.93, 66.93, 43.31, 0],
		[13, "H1_2", 329.53, 2116.93, "T", "DIP", "+5V", "", "C", 66.93, 66.93, 43.31, 0],
		[14, "H1_2", 329.53, 2116.93, "B", "DIP", "+5V", "", "C", 66.93, 66.93, 43.31, 0],
		[15, "H1_3", 429.53, 2016.93, "T", "DIP", "ROOM1_LED", "", "C", 66.93, 66.93, 43.31, 0],
		[16, "H1_3", 429.53, 2016.93, "B", "DIP", "ROOM1_LED", "", "C", 66.93, 66.93, 43.31, 0],
		[17, "H1_4", 429.53, 2116.93, "T", "DIP", "+5V", "", "C", 66.93, 66.93, 43.31, 0],
		[18, "H1_4", 429.53, 2116.93, "B", "DIP", "+5V", "", "C", 66.93, 66.93, 43.31, 0],
		[19, "H1_5", 529.53, 2016.93, "T", "DIP", "SPK1_LED", "", "C", 66.93, 66.93, 43.31, 0],
		[20, "H1_5", 529.53, 2016.93, "B", "DIP", "SPK1_LED", "", "C", 66.93, 66.93, 43.31, 0],
		[21, "H1_6", 529.53, 2116.93, "T", "DIP", "GND", "GND", "C", 66.93, 66.93, 43.31, 0],
		[22, "H1_6", 529.53, 2116.93, "B", "DIP", "GND", "GND", "C", 66.93, 66.93, 43.31, 0],
		[23, "H1_7", 629.53, 2016.93, "T", "DIP", "SPK2_LED", "", "C", 66.93, 66.93, 43.31, 0],
		[24, "H1_7", 629.53, 2016.93, "B", "DIP", "SPK2_LED", "", "C", 66.93, 66.93, 43.31, 0],
		[25, "H1_8", 629.53, 2116.93, "T", "DIP", "ROOM2_LED", "", "C", 66.93, 66.93, 43.31, 0],
		[26, "H1_8", 629.53, 2116.93, "B", "DIP", "ROOM2_LED", "", "C", 66.93, 66.93, 43.31, 0],
		[27, "H1_9", 729.53, 2016.93, "T", "DIP", "GND", "GND", "C", 66.93, 66.93, 43.31, 0],
		[28, "H1_9", 729.53, 2016.93, "B", "DIP", "GND", "GND", "C", 66.93, 66.93, 43.31, 0],
		[29, "H1_10", 729.53, 2116.93, "T", "DIP", "SPK3_LED", "", "C", 66.93, 66.93, 43.31, 0],
		[30, "H1_10", 729.53, 2116.93, "B", "DIP", "SPK3_LED", "", "C", 66.93, 66.93, 43.31, 0],
		[31, "H1_11", 829.53, 2016.93, "T", "DIP", "ROOM3_LED", "", "C", 66.93, 66.93, 43.31, 0],
		[32, "H1_11", 829.53, 2016.93, "B", "DIP", "ROOM3_LED", "", "C", 66.93, 66.93, 43.31, 0],
		[33, "H1_12", 829.53, 2116.93, "T", "DIP", "SPK4_LED", "", "C", 66.93, 66.93, 43.31, 0],
		[34, "H1_12", 829.53, 2116.93, "B", "DIP", "SPK4_LED", "", "C", 66.93, 66.93, 43.31, 0],
		[35, "H1_13", 929.53, 2016.93, "T", "DIP", "ROOM4_LED", "", "C", 66.93, 66.93, 43.31, 0],
		[36, "H1_13", 929.53, 2016.93, "B", "DIP", "ROOM4_LED", "", "C", 66.93, 66.93, 43.31, 0],
		[37, "H1_14", 929.53, 2116.93, "T", "DIP", "GND", "GND", "C", 66.93, 66.93, 43.31, 0],
		[38, "H1_14", 929.53, 2116.93, "B", "DIP", "GND", "GND", "C", 66.93, 66.93, 43.31, 0],
		[39, "H1_15", 1029.53, 2016.93, "T", "DIP", "SW_SINGLE_SPK", "", "C", 66.93, 66.93, 43.31, 0],
		[40, "H1_15", 1029.53, 2016.93, "B", "DIP", "SW_SINGLE_SPK", "", "C", 66.93, 66.93, 43.31, 0],
		[41, "H1_16", 1029.53, 2116.93, "T", "DIP", "SW_ALL_ROOM", "", "C", 66.93, 66.93, 43.31, 0],
		[42, "H1_16", 1029.53, 2116.93, "B", "DIP", "SW_ALL_ROOM", "", "C", 66.93, 66.93, 43.31, 0],
		[43, "H1_17", 1129.53, 2016.93, "T", "DIP", "+3.3V", "", "C", 66.93, 66.93, 43.31, 0],
		[44, "H1_17", 1129.53, 2016.93, "B", "DIP", "+3.3V", "", "C", 66.93, 66.93, 43.31, 0],
		[45, "H1_18", 1129.53, 2116.93, "T", "DIP", "ALL_ROOM_LED", "", "C", 66.93, 66.93, 43.31, 0],
		[46, "H1_18", 1129.53, 2116.93, "B", "DIP", "ALL_ROOM_LED", "", "C", 66.93, 66.93, 43.31, 0],
		[47, "H1_19", 1229.53, 2016.93, "T", "DIP", "SW_VOL", "", "C", 66.93, 66.93, 43.31, 0],
		[48, "H1_19", 1229.53, 2016.93, "B", "DIP", "SW_VOL", "", "C", 66.93, 66.93, 43.31, 0],
		[49, "H1_20", 1229.53, 2116.93, "T", "DIP", "GND", "GND", "C", 66.93, 66.93, 43.31, 0],
		[50, "H1_20", 1229.53, 2116.93, "B", "DIP", "GND", "GND", "C", 66.93, 66.93, 43.31, 0],
		[51, "H1_21", 1329.53, 2016.93, "T", "DIP", "DT_VOL", "", "C", 66.93, 66.93, 43.31, 0],
		[52, "H1_21", 1329.53, 2016.93, "B", "DIP", "DT_VOL", "", "C", 66.93, 66.93, 43.31, 0],
		[53, "H1_22", 1329.53, 2116.93, "T", "DIP", "SINGLE_SPK_LED", "", "C", 66.93, 66.93, 43.31, 0],
		[54, "H1_22", 1329.53, 2116.93, "B", "DIP", "SINGLE_SPK_LED", "", "C", 66.93, 66.93, 43.31, 0],
		[55, "H1_23", 1429.53, 2016.93, "T", "DIP", "SW_TREB", "", "C", 66.93, 66.93, 43.31, 0],
		[56, "H1_23", 1429.53, 2016.93, "B", "DIP", "SW_TREB", "", "C", 66.93, 66.93, 43.31, 0],
		[57, "H1_24", 1429.53, 2116.93, "T", "DIP", "SINGLE_ROOM_LED", "", "C", 66.93, 66.93, 43.31, 0],
		[58, "H1_24", 1429.53, 2116.93, "B", "DIP", "SINGLE_ROOM_LED", "", "C", 66.93, 66.93, 43.31, 0],
		[59, "H1_25", 1529.53, 2016.93, "T", "DIP", "GND", "GND", "C", 66.93, 66.93, 43.31, 0],
		[60, "H1_25", 1529.53, 2016.93, "B", "DIP", "GND", "GND", "C", 66.93, 66.93, 43.31, 0],
		[61, "H1_26", 1529.53, 2116.93, "T", "DIP", "SW_EXTRA", "", "C", 66.93, 66.93, 43.31, 0],
		[62, "H1_26", 1529.53, 2116.93, "B", "DIP", "SW_EXTRA", "", "C", 66.93, 66.93, 43.31, 0],
		[63, "H1_27", 1629.53, 2016.93, "T", "DIP", "CLK_VOL", "", "C", 66.93, 66.93, 43.31, 0],
		[64, "H1_27", 1629.53, 2016.93, "B", "DIP", "CLK_VOL", "", "C", 66.93, 66.93, 43.31, 0],
		[65, "H1_28", 1629.53, 2116.93, "T", "DIP", "DT_EXTRA", "", "C", 66.93, 66.93, 43.31, 0],
		[66, "H1_28", 1629.53, 2116.93, "B", "DIP", "DT_EXTRA", "", "C", 66.93, 66.93, 43.31, 0],
		[67, "H1_29", 1729.53, 2016.93, "T", "DIP", "CLK_BASS", "", "C", 66.93, 66.93, 43.31, 0],
		[68, "H1_29", 1729.53, 2016.93, "B", "DIP", "CLK_BASS", "", "C", 66.93, 66.93, 43.31, 0],
		[69, "H1_30", 1729.53, 2116.93, "T", "DIP", "GND", "GND", "C", 66.93, 66.93, 43.31, 0],
		[70, "H1_30", 1729.53, 2116.93, "B", "DIP", "GND", "GND", "C", 66.93, 66.93, 43.31, 0],
		[71, "H1_31", 1829.53, 2016.93, "T", "DIP", "SW_BASS", "", "C", 66.93, 66.93, 43.31, 0],
		[72, "H1_31", 1829.53, 2016.93, "B", "DIP", "SW_BASS", "", "C", 66.93, 66.93, 43.31, 0],
		[73, "H1_32", 1829.53, 2116.93, "T", "DIP", "DT_BASS", "", "C", 66.93, 66.93, 43.31, 0],
		[74, "H1_32", 1829.53, 2116.93, "B", "DIP", "DT_BASS", "", "C", 66.93, 66.93, 43.31, 0],
		[75, "H1_33", 1929.53, 2016.93, "T", "DIP", "SW_SINGLE_ROOM", "", "C", 66.93, 66.93, 43.31, 0],
		[76, "H1_33", 1929.53, 2016.93, "B", "DIP", "SW_SINGLE_ROOM", "", "C", 66.93, 66.93, 43.31, 0],
		[77, "H1_34", 1929.53, 2116.93, "T", "DIP", "GND", "GND", "C", 66.93, 66.93, 43.31, 0],
		[78, "H1_34", 1929.53, 2116.93, "B", "DIP", "GND", "GND", "C", 66.93, 66.93, 43.31, 0],
		[79, "H1_35", 2029.53, 2016.93, "T", "DIP", "SW_CHG_ROOM", "", "C", 66.93, 66.93, 43.31, 0],
		[80, "H1_35", 2029.53, 2016.93, "B", "DIP", "SW_CHG_ROOM", "", "C", 66.93, 66.93, 43.31, 0],
		[81, "H1_36", 2029.53, 2116.93, "T", "DIP", "SW_CHG_SPK", "", "C", 66.93, 66.93, 43.31, 0],
		[82, "H1_36", 2029.53, 2116.93, "B", "DIP", "SW_CHG_SPK", "", "C", 66.93, 66.93, 43.31, 0],
		[83, "H1_37", 2129.53, 2016.93, "T", "DIP", "DT_TREB", "", "C", 66.93, 66.93, 43.31, 0],
		[84, "H1_37", 2129.53, 2016.93, "B", "DIP", "DT_TREB", "", "C", 66.93, 66.93, 43.31, 0],
		[85, "H1_38", 2129.53, 2116.93, "T", "DIP", "CLK_EXTRA", "", "C", 66.93, 66.93, 43.31, 0],
		[86, "H1_38", 2129.53, 2116.93, "B", "DIP", "CLK_EXTRA", "", "C", 66.93, 66.93, 43.31, 0],
		[87, "H1_39", 2229.53, 2016.93, "T", "DIP", "GND", "GND", "C", 66.93, 66.93, 43.31, 0],
		[88, "H1_39", 2229.53, 2016.93, "B", "DIP", "GND", "GND", "C", 66.93, 66.93, 43.31, 0],
		[89, "H1_40", 2229.53, 2116.93, "T", "DIP", "CLK_TREB", "", "C", 66.93, 66.93, 43.31, 0],
		[90, "H1_40", 2229.53, 2116.93, "B", "DIP", "CLK_TREB", "", "C", 66.93, 66.93, 43.31, 0],
		[91, "LED1_1", 524.53, 1110.01, "T", "SMD", "$2N567", "", "R", 39.37, 31.5, 0, 270],
		[92, "LED1_2", 465.47, 1109.99, "T", "SMD", "+5V", "", "R", 39.37, 31.5, 0, 270],
		[93, "LED2_1", 1045.47, 1204.99, "T", "SMD", "$2N579", "", "R", 39.37, 31.5, 0, 90],
		[94, "LED2_2", 1104.53, 1205.01, "T", "SMD", "+5V", "", "R", 39.37, 31.5, 0, 90],
		[95, "LED3_1", 1900.47, 1204.99, "T", "SMD", "$2N581", "", "R", 39.37, 31.5, 0, 90],
		[96, "LED3_2", 1959.53, 1205.01, "T", "SMD", "+5V", "", "R", 39.37, 31.5, 0, 90],
		[97, "LED4_1", 1045.47, 295, "T", "SMD", "$2N583", "", "R", 39.37, 31.5, 0, 90],
		[98, "LED4_2", 1104.53, 295, "T", "SMD", "+5V", "", "R", 39.37, 31.5, 0, 90],
		[99, "LED5_1", 1900.47, 295, "T", "SMD", "$2N585", "", "R", 39.37, 31.5, 0, 90],
		[100, "LED5_2", 1959.53, 295, "T", "SMD", "+5V", "", "R", 39.37, 31.5, 0, 90],
		[101, "LED6_1", 524.53, 778.8, "T", "SMD", "$2N1097", "", "R", 39.37, 31.5, 0, 270],
		[102, "LED6_2", 465.47, 778.79, "T", "SMD", "+5V", "", "R", 39.37, 31.5, 0, 270],
		[103, "LED7_1", 1045.47, 1104.99, "T", "SMD", "$2N1109", "", "R", 39.37, 31.5, 0, 90],
		[104, "LED7_2", 1104.53, 1105.01, "T", "SMD", "+5V", "", "R", 39.37, 31.5, 0, 90],
		[105, "LED8_1", 1900.47, 1104.99, "T", "SMD", "$2N1111", "", "R", 39.37, 31.5, 0, 90],
		[106, "LED8_2", 1959.53, 1105.01, "T", "SMD", "+5V", "", "R", 39.37, 31.5, 0, 90],
		[107, "LED9_1", 1045.47, 195, "T", "SMD", "$2N1113", "", "R", 39.37, 31.5, 0, 90],
		[108, "LED9_2", 1104.53, 195, "T", "SMD", "+5V", "", "R", 39.37, 31.5, 0, 90],
		[109, "LED10_1", 1900.47, 195, "T", "SMD", "$2N1115", "", "R", 39.37, 31.5, 0, 90],
		[110, "LED10_2", 1959.53, 195, "T", "SMD", "+5V", "", "R", 39.37, 31.5, 0, 90],
		[111, "LED11_1", 524.53, 447.5, "T", "SMD", "$2N1627", "", "R", 39.37, 31.5, 0, 270],
		[112, "LED11_2", 465.47, 447.5, "T", "SMD", "+5V", "", "R", 39.37, 31.5, 0, 270],
		[113, "LED12_1", 1045.47, 1005, "T", "SMD", "$2N1639", "", "R", 39.37, 31.5, 0, 90],
		[114, "LED12_2", 1104.53, 1005, "T", "SMD", "+5V", "", "R", 39.37, 31.5, 0, 90],
		[115, "LED13_1", 1900.47, 1005, "T", "SMD", "$2N1641", "", "R", 39.37, 31.5, 0, 90],
		[116, "LED13_2", 1959.53, 1005, "T", "SMD", "+5V", "", "R", 39.37, 31.5, 0, 90],
		[117, "LED14_1", 1045.47, 94.99, "T", "SMD", "$2N1643", "", "R", 39.37, 31.5, 0, 90],
		[118, "LED14_2", 1104.53, 95.01, "T", "SMD", "+5V", "", "R", 39.37, 31.5, 0, 90],
		[119, "LED15_1", 1900.47, 94.99, "T", "SMD", "$2N1645", "", "R", 39.37, 31.5, 0, 90],
		[120, "LED15_2", 1959.53, 95.01, "T", "SMD", "+5V", "", "R", 39.37, 31.5, 0, 90],
		[121, "LED16_1", 420.47, 1695, "T", "SMD", "$2N2275", "", "R", 39.37, 31.5, 0, 90],
		[122, "LED16_2", 479.53, 1695, "T", "SMD", "SPK1_LED", "", "R", 39.37, 31.5, 0, 90],
		[123, "LED17_1", 568.8, 1695, "T", "SMD", "$2N2279", "", "R", 39.37, 31.5, 0, 90],
		[124, "LED17_2", 627.86, 1695, "T", "SMD", "SPK2_LED", "", "R", 39.37, 31.5, 0, 90],
		[125, "LED18_1", 717.13, 1695, "T", "SMD", "$2N2284", "", "R", 39.37, 31.5, 0, 90],
		[126, "LED18_2", 776.19, 1695, "T", "SMD", "SPK3_LED", "", "R", 39.37, 31.5, 0, 90],
		[127, "LED19_1", 865.47, 1695, "T", "SMD", "$2N2289", "", "R", 39.37, 31.5, 0, 90],
		[128, "LED19_2", 924.53, 1695, "T", "SMD", "SPK4_LED", "", "R", 39.37, 31.5, 0, 90],
		[129, "LED20_1", 420.47, 1365, "T", "SMD", "$2N2294", "", "R", 39.37, 31.5, 0, 90],
		[130, "LED20_2", 479.53, 1365, "T", "SMD", "ROOM1_LED", "", "R", 39.37, 31.5, 0, 90],
		[131, "LED21_1", 568.77, 1365, "T", "SMD", "$2N2299", "", "R", 39.37, 31.5, 0, 90],
		[132, "LED21_2", 627.83, 1365, "T", "SMD", "ROOM2_LED", "", "R", 39.37, 31.5, 0, 90],
		[133, "LED22_1", 717.17, 1365, "T", "SMD", "$2N2307", "", "R", 39.37, 31.5, 0, 90],
		[134, "LED22_2", 776.23, 1365, "T", "SMD", "ROOM3_LED", "", "R", 39.37, 31.5, 0, 90],
		[135, "LED23_1", 865.47, 1365, "T", "SMD", "$2N2312", "", "R", 39.37, 31.5, 0, 90],
		[136, "LED23_2", 924.53, 1365, "T", "SMD", "ROOM4_LED", "", "R", 39.37, 31.5, 0, 90],
		[137, "Q1_1", 819.37, 988.05, "T", "SMD", "$2N553", "", "R", 49.21, 27.56, 0, 0],
		[138, "Q1_2", 819.37, 1062.85, "T", "SMD", "GND", "GND", "R", 49.21, 27.56, 0, 0],
		[139, "Q1_3", 740.63, 1025.45, "T", "SMD", "$2N557", "", "R", 49.21, 27.56, 0, 0],
		[140, "Q2_1", 821.98, 657.6, "T", "SMD", "$2N1083", "", "R", 49.21, 27.56, 0, 0],
		[141, "Q2_2", 821.98, 732.4, "T", "SMD", "GND", "GND", "R", 49.21, 27.56, 0, 0],
		[142, "Q2_3", 743.24, 695, "T", "SMD", "$2N1087", "", "R", 49.21, 27.56, 0, 0],
		[143, "Q3_1", 819.37, 319.3, "T", "SMD", "$2N1613", "", "R", 49.21, 27.56, 0, 0],
		[144, "Q3_2", 819.37, 394.1, "T", "SMD", "GND", "GND", "R", 49.21, 27.56, 0, 0],
		[145, "Q3_3", 740.63, 356.7, "T", "SMD", "$2N1617", "", "R", 49.21, 27.56, 0, 0],
		[146, "R3_1", 1583.35, 1280, "T", "SMD", "+3.3V", "", "R", 27.56, 27.56, 0, 0],
		[147, "R3_2", 1626.65, 1280, "T", "SMD", "CLK_VOL", "", "R", 27.56, 27.56, 0, 0],
		[148, "R4_1", 1484.8, 1834.51, "T", "SMD", "+3.3V", "", "R", 27.56, 27.56, 0, 0],
		[149, "R4_2", 1528.11, 1834.51, "T", "SMD", "DT_VOL", "", "R", 27.56, 27.56, 0, 0],
		[150, "R7_1", 2132.68, 1890, "T", "SMD", "CLK_TREB", "", "R", 27.56, 27.56, 0, 180],
		[151, "R7_2", 2089.37, 1890, "T", "SMD", "+3.3V", "", "R", 27.56, 27.56, 0, 180],
		[152, "R8_1", 2406.65, 1865, "T", "SMD", "DT_TREB", "", "R", 27.56, 27.56, 0, 180],
		[153, "R8_2", 2363.35, 1865, "T", "SMD", "+3.3V", "", "R", 27.56, 27.56, 0, 180],
		[154, "R11_1", 1488.35, 360, "T", "SMD", "+3.3V", "", "R", 27.56, 27.56, 0, 0],
		[155, "R11_2", 1531.65, 360, "T", "SMD", "CLK_BASS", "", "R", 27.56, 27.56, 0, 0],
		[156, "R12_1", 1641.65, 930, "T", "SMD", "+3.3V", "", "R", 27.56, 27.56, 0, 180],
		[157, "R12_2", 1598.35, 930, "T", "SMD", "DT_BASS", "", "R", 27.56, 27.56, 0, 180],
		[158, "R15_1", 2308.91, 393.22, "T", "SMD", "CLK_EXTRA", "", "R", 27.56, 27.56, 0, 180],
		[159, "R15_2", 2265.61, 393.22, "T", "SMD", "+3.3V", "", "R", 27.56, 27.56, 0, 180],
		[160, "R16_1", 2356.65, 990, "T", "SMD", "DT_EXTRA", "", "R", 27.56, 27.56, 0, 180],
		[161, "R16_2", 2313.35, 990, "T", "SMD", "+3.3V", "", "R", 27.56, 27.56, 0, 180],
		[162, "R18_1", 879.59, 1175.14, "T", "SMD", "ALL_ROOM_LED", "", "R", 27.56, 27.56, 0, 270],
		[163, "R18_2", 879.59, 1131.84, "T", "SMD", "$2N553", "", "R", 27.56, 27.56, 0, 270],
		[164, "R19_1", 646.65, 1110, "T", "SMD", "$2N557", "", "R", 27.56, 27.56, 0, 180],
		[165, "R19_2", 603.35, 1110, "T", "SMD", "$2N567", "", "R", 27.56, 27.56, 0, 180],
		[166, "R20_1", 923.35, 1205, "T", "SMD", "$2N557", "", "R", 27.56, 27.56, 0, 0],
		[167, "R20_2", 966.65, 1205, "T", "SMD", "$2N579", "", "R", 27.56, 27.56, 0, 0],
		[168, "R21_1", 1778.35, 1205, "T", "SMD", "$2N557", "", "R", 27.56, 27.56, 0, 0],
		[169, "R21_2", 1821.65, 1205, "T", "SMD", "$2N581", "", "R", 27.56, 27.56, 0, 0],
		[170, "R22_1", 923.35, 295, "T", "SMD", "$2N557", "", "R", 27.56, 27.56, 0, 0],
		[171, "R22_2", 966.65, 295, "T", "SMD", "$2N583", "", "R", 27.56, 27.56, 0, 0],
		[172, "R23_1", 1778.35, 295, "T", "SMD", "$2N557", "", "R", 27.56, 27.56, 0, 0],
		[173, "R23_2", 1821.65, 295, "T", "SMD", "$2N585", "", "R", 27.56, 27.56, 0, 0],
		[174, "R24_1", 875, 901.65, "T", "SMD", "SINGLE_SPK_LED", "", "R", 27.56, 27.56, 0, 270],
		[175, "R24_2", 875, 858.35, "T", "SMD", "$2N1083", "", "R", 27.56, 27.56, 0, 270],
		[176, "R25_1", 646.65, 778.8, "T", "SMD", "$2N1087", "", "R", 27.56, 27.56, 0, 180],
		[177, "R25_2", 603.35, 778.8, "T", "SMD", "$2N1097", "", "R", 27.56, 27.56, 0, 180],
		[178, "R26_1", 923.35, 1105, "T", "SMD", "$2N1087", "", "R", 27.56, 27.56, 0, 0],
		[179, "R26_2", 966.65, 1105, "T", "SMD", "$2N1109", "", "R", 27.56, 27.56, 0, 0],
		[180, "R27_1", 1778.35, 1105, "T", "SMD", "$2N1087", "", "R", 27.56, 27.56, 0, 0],
		[181, "R27_2", 1821.65, 1105, "T", "SMD", "$2N1111", "", "R", 27.56, 27.56, 0, 0],
		[182, "R28_1", 923.35, 195, "T", "SMD", "$2N1087", "", "R", 27.56, 27.56, 0, 0],
		[183, "R28_2", 966.65, 195, "T", "SMD", "$2N1113", "", "R", 27.56, 27.56, 0, 0],
		[184, "R29_1", 1778.35, 195, "T", "SMD", "$2N1087", "", "R", 27.56, 27.56, 0, 0],
		[185, "R29_2", 1821.65, 195, "T", "SMD", "$2N1115", "", "R", 27.56, 27.56, 0, 0],
		[186, "R30_1", 897.46, 546.88, "T", "SMD", "SINGLE_ROOM_LED", "", "R", 27.56, 27.56, 0, 270],
		[187, "R30_2", 897.46, 503.57, "T", "SMD", "$2N1613", "", "R", 27.56, 27.56, 0, 270],
		[188, "R31_1", 645.28, 447.5, "T", "SMD", "$2N1617", "", "R", 27.56, 27.56, 0, 180],
		[189, "R31_2", 601.97, 447.5, "T", "SMD", "$2N1627", "", "R", 27.56, 27.56, 0, 180],
		[190, "R32_1", 923.35, 1005, "T", "SMD", "$2N1617", "", "R", 27.56, 27.56, 0, 0],
		[191, "R32_2", 966.65, 1005, "T", "SMD", "$2N1639", "", "R", 27.56, 27.56, 0, 0],
		[192, "R33_1", 1778.35, 1005, "T", "SMD", "$2N1617", "", "R", 27.56, 27.56, 0, 0],
		[193, "R33_2", 1821.65, 1005, "T", "SMD", "$2N1641", "", "R", 27.56, 27.56, 0, 0],
		[194, "R34_1", 923.35, 95, "T", "SMD", "$2N1617", "", "R", 27.56, 27.56, 0, 0],
		[195, "R34_2", 966.65, 95, "T", "SMD", "$2N1643", "", "R", 27.56, 27.56, 0, 0],
		[196, "R35_1", 1778.35, 95, "T", "SMD", "$2N1617", "", "R", 27.56, 27.56, 0, 0],
		[197, "R35_2", 1821.65, 95, "T", "SMD", "$2N1645", "", "R", 27.56, 27.56, 0, 0],
		[198, "R36_1", 471.65, 1635, "T", "SMD", "GND", "GND", "R", 27.56, 27.56, 0, 180],
		[199, "R36_2", 428.35, 1635, "T", "SMD", "$2N2275", "", "R", 27.56, 27.56, 0, 180],
		[200, "R37_1", 619.95, 1635, "T", "SMD", "GND", "GND", "R", 27.56, 27.56, 0, 180],
		[201, "R37_2", 576.65, 1635, "T", "SMD", "$2N2279", "", "R", 27.56, 27.56, 0, 180],
		[202, "R38_1", 768.35, 1635, "T", "SMD", "GND", "GND", "R", 27.56, 27.56, 0, 180],
		[203, "R38_2", 725.05, 1635, "T", "SMD", "$2N2284", "", "R", 27.56, 27.56, 0, 180],
		[204, "R39_1", 916.65, 1635, "T", "SMD", "GND", "GND", "R", 27.56, 27.56, 0, 180],
		[205, "R39_2", 873.35, 1635, "T", "SMD", "$2N2289", "", "R", 27.56, 27.56, 0, 180],
		[206, "R40_1", 475.61, 1297.74, "T", "SMD", "GND", "GND", "R", 27.56, 27.56, 0, 180],
		[207, "R40_2", 432.31, 1297.74, "T", "SMD", "$2N2294", "", "R", 27.56, 27.56, 0, 180],
		[208, "R41_1", 619.95, 1295, "T", "SMD", "GND", "GND", "R", 27.56, 27.56, 0, 180],
		[209, "R41_2", 576.65, 1295, "T", "SMD", "$2N2299", "", "R", 27.56, 27.56, 0, 180],
		[210, "R42_1", 768.35, 1295, "T", "SMD", "GND", "GND", "R", 27.56, 27.56, 0, 180],
		[211, "R42_2", 725.05, 1295, "T", "SMD", "$2N2307", "", "R", 27.56, 27.56, 0, 180],
		[212, "R43_1", 916.65, 1295, "T", "SMD", "GND", "GND", "R", 27.56, 27.56, 0, 180],
		[213, "R43_2", 873.35, 1295, "T", "SMD", "$2N2312", "", "R", 27.56, 27.56, 0, 180],
		[214, "R44_1", 251.93, 1929.03, "T", "SMD", "+3.3V", "", "R", 27.56, 27.56, 0, 180],
		[215, "R44_2", 208.63, 1929.03, "T", "SMD", "$2N6344", "", "R", 27.56, 27.56, 0, 180],
		[216, "R45_1", 538.67, 1576.19, "T", "SMD", "+3.3V", "", "R", 27.56, 27.56, 0, 180],
		[217, "R45_2", 495.36, 1576.19, "T", "SMD", "$2N6348", "", "R", 27.56, 27.56, 0, 180],
		[218, "R46_1", 629.48, 927.49, "T", "SMD", "+3.3V", "", "R", 27.56, 27.56, 0, 180],
		[219, "R46_2", 586.17, 927.49, "T", "SMD", "$2N6353", "", "R", 27.56, 27.56, 0, 180],
		[220, "R48_1", 629.28, 274.22, "T", "SMD", "+3.3V", "", "R", 27.56, 27.56, 0, 180],
		[221, "R48_2", 585.98, 274.22, "T", "SMD", "$2N6363", "", "R", 27.56, 27.56, 0, 180],
		[222, "R49_1", 631.43, 598.94, "T", "SMD", "+3.3V", "", "R", 27.56, 27.56, 0, 180],
		[223, "R49_2", 588.13, 598.94, "T", "SMD", "$2N6358", "", "R", 27.56, 27.56, 0, 180],
		[224, "R50_1", 1252.22, 1895.25, "T", "SMD", "SW_VOL", "", "R", 27.56, 27.56, 0, 0],
		[225, "R50_2", 1295.52, 1895.25, "T", "SMD", "+3.3V", "", "R", 27.56, 27.56, 0, 0],
		[226, "R51_1", 1826.02, 1271.57, "T", "SMD", "SW_TREB", "", "R", 27.56, 27.56, 0, 0],
		[227, "R51_2", 1869.33, 1271.57, "T", "SMD", "+3.3V", "", "R", 27.56, 27.56, 0, 0],
		[228, "R52_1", 1437.14, 952.28, "T", "SMD", "SW_BASS", "", "R", 27.56, 27.56, 0, 0],
		[229, "R52_2", 1480.44, 952.28, "T", "SMD", "+3.3V", "", "R", 27.56, 27.56, 0, 0],
		[230, "R53_1", 1836.65, 925, "T", "SMD", "SW_EXTRA", "", "R", 27.56, 27.56, 0, 180],
		[231, "R53_2", 1793.35, 925, "T", "SMD", "+3.3V", "", "R", 27.56, 27.56, 0, 180],
		[232, "SW1_1", 1014.55, 1450, "T", "DIP", "SW_VOL", "", "C", 78.74, 78.74, 47.24, 90],
		[233, "SW1_1", 1014.55, 1450, "B", "DIP", "SW_VOL", "", "C", 78.74, 78.74, 47.24, 90],
		[234, "SW1_2", 1014.55, 1650, "T", "DIP", "GND", "GND", "C", 78.74, 78.74, 47.24, 90],
		[235, "SW1_2", 1014.55, 1650, "B", "DIP", "GND", "GND", "C", 78.74, 78.74, 47.24, 90],
		[236, "SW1_6", 1290.15, 1329.5, "T", "DIP", "SW1_6", "", "C", 118.11, 118.11, 102.36, 90],
		[237, "SW1_6", 1290.15, 1329.5, "B", "DIP", "SW1_6", "", "C", 118.11, 118.11, 102.36, 90],
		[238, "SW1_7", 1290.15, 1770.5, "T", "DIP", "SW1_7", "", "C", 118.11, 118.11, 102.36, 90],
		[239, "SW1_7", 1290.15, 1770.5, "B", "DIP", "SW1_7", "", "C", 118.11, 118.11, 102.36, 90],
		[240, "SW1_A", 1585.45, 1450, "T", "DIP", "CLK_VOL", "", "C", 78.74, 78.74, 47.24, 90],
		[241, "SW1_A", 1585.45, 1450, "B", "DIP", "CLK_VOL", "", "C", 78.74, 78.74, 47.24, 90],
		[242, "SW1_B", 1585.45, 1650, "T", "DIP", "DT_VOL", "", "C", 78.74, 78.74, 47.24, 90],
		[243, "SW1_B", 1585.45, 1650, "B", "DIP", "DT_VOL", "", "C", 78.74, 78.74, 47.24, 90],
		[244, "SW1_C", 1585.45, 1550, "T", "DIP", "GND", "GND", "C", 78.74, 78.74, 47.24, 90],
		[245, "SW1_C", 1585.45, 1550, "B", "DIP", "GND", "GND", "C", 78.74, 78.74, 47.24, 90],
		[246, "SW2_1", 1864.55, 1450, "T", "DIP", "SW_TREB", "", "C", 78.74, 78.74, 47.24, 90],
		[247, "SW2_1", 1864.55, 1450, "B", "DIP", "SW_TREB", "", "C", 78.74, 78.74, 47.24, 90],
		[248, "SW2_2", 1864.55, 1650, "T", "DIP", "GND", "GND", "C", 78.74, 78.74, 47.24, 90],
		[249, "SW2_2", 1864.55, 1650, "B", "DIP", "GND", "GND", "C", 78.74, 78.74, 47.24, 90],
		[250, "SW2_6", 2140.15, 1329.5, "T", "DIP", "SW2_6", "", "C", 118.11, 118.11, 102.36, 90],
		[251, "SW2_6", 2140.15, 1329.5, "B", "DIP", "SW2_6", "", "C", 118.11, 118.11, 102.36, 90],
		[252, "SW2_7", 2140.15, 1770.5, "T", "DIP", "SW2_7", "", "C", 118.11, 118.11, 102.36, 90],
		[253, "SW2_7", 2140.15, 1770.5, "B", "DIP", "SW2_7", "", "C", 118.11, 118.11, 102.36, 90],
		[254, "SW2_A", 2435.45, 1450, "T", "DIP", "CLK_TREB", "", "C", 78.74, 78.74, 47.24, 90],
		[255, "SW2_A", 2435.45, 1450, "B", "DIP", "CLK_TREB", "", "C", 78.74, 78.74, 47.24, 90],
		[256, "SW2_B", 2435.45, 1650, "T", "DIP", "DT_TREB", "", "C", 78.74, 78.74, 47.24, 90],
		[257, "SW2_B", 2435.45, 1650, "B", "DIP", "DT_TREB", "", "C", 78.74, 78.74, 47.24, 90],
		[258, "SW2_C", 2435.45, 1550, "T", "DIP", "GND", "GND", "C", 78.74, 78.74, 47.24, 90],
		[259, "SW2_C", 2435.45, 1550, "B", "DIP", "GND", "GND", "C", 78.74, 78.74, 47.24, 90],
		[260, "SW3_1", 1014.55, 550, "T", "DIP", "SW_BASS", "", "C", 78.74, 78.74, 47.24, 90],
		[261, "SW3_1", 1014.55, 550, "B", "DIP", "SW_BASS", "", "C", 78.74, 78.74, 47.24, 90],
		[262, "SW3_2", 1014.55, 750, "T", "DIP", "GND", "GND", "C", 78.74, 78.74, 47.24, 90],
		[263, "SW3_2", 1014.55, 750, "B", "DIP", "GND", "GND", "C", 78.74, 78.74, 47.24, 90],
		[264, "SW3_6", 1290.15, 429.5, "T", "DIP", "SW3_6", "", "C", 118.11, 118.11, 102.36, 90],
		[265, "SW3_6", 1290.15, 429.5, "B", "DIP", "SW3_6", "", "C", 118.11, 118.11, 102.36, 90],
		[266, "SW3_7", 1290.15, 870.5, "T", "DIP", "SW3_7", "", "C", 118.11, 118.11, 102.36, 90],
		[267, "SW3_7", 1290.15, 870.5, "B", "DIP", "SW3_7", "", "C", 118.11, 118.11, 102.36, 90],
		[268, "SW3_A", 1585.45, 550, "T", "DIP", "CLK_BASS", "", "C", 78.74, 78.74, 47.24, 90],
		[269, "SW3_A", 1585.45, 550, "B", "DIP", "CLK_BASS", "", "C", 78.74, 78.74, 47.24, 90],
		[270, "SW3_B", 1585.45, 750, "T", "DIP", "DT_BASS", "", "C", 78.74, 78.74, 47.24, 90],
		[271, "SW3_B", 1585.45, 750, "B", "DIP", "DT_BASS", "", "C", 78.74, 78.74, 47.24, 90],
		[272, "SW3_C", 1585.45, 650, "T", "DIP", "GND", "GND", "C", 78.74, 78.74, 47.24, 90],
		[273, "SW3_C", 1585.45, 650, "B", "DIP", "GND", "GND", "C", 78.74, 78.74, 47.24, 90],
		[274, "SW4_1", 1864.55, 550, "T", "DIP", "SW_EXTRA", "", "C", 78.74, 78.74, 47.24, 90],
		[275, "SW4_1", 1864.55, 550, "B", "DIP", "SW_EXTRA", "", "C", 78.74, 78.74, 47.24, 90],
		[276, "SW4_2", 1864.55, 750, "T", "DIP", "GND", "GND", "C", 78.74, 78.74, 47.24, 90],
		[277, "SW4_2", 1864.55, 750, "B", "DIP", "GND", "GND", "C", 78.74, 78.74, 47.24, 90],
		[278, "SW4_6", 2140.15, 429.5, "T", "DIP", "SW4_6", "", "C", 118.11, 118.11, 102.36, 90],
		[279, "SW4_6", 2140.15, 429.5, "B", "DIP", "SW4_6", "", "C", 118.11, 118.11, 102.36, 90],
		[280, "SW4_7", 2140.15, 870.5, "T", "DIP", "SW4_7", "", "C", 118.11, 118.11, 102.36, 90],
		[281, "SW4_7", 2140.15, 870.5, "B", "DIP", "SW4_7", "", "C", 118.11, 118.11, 102.36, 90],
		[282, "SW4_A", 2435.45, 550, "T", "DIP", "CLK_EXTRA", "", "C", 78.74, 78.74, 47.24, 90],
		[283, "SW4_A", 2435.45, 550, "B", "DIP", "CLK_EXTRA", "", "C", 78.74, 78.74, 47.24, 90],
		[284, "SW4_B", 2435.45, 750, "T", "DIP", "DT_EXTRA", "", "C", 78.74, 78.74, 47.24, 90],
		[285, "SW4_B", 2435.45, 750, "B", "DIP", "DT_EXTRA", "", "C", 78.74, 78.74, 47.24, 90],
		[286, "SW4_C", 2435.45, 650, "T", "DIP", "GND", "GND", "C", 78.74, 78.74, 47.24, 90],
		[287, "SW4_C", 2435.45, 650, "B", "DIP", "GND", "GND", "C", 78.74, 78.74, 47.24, 90],
		[288, "SW5_1", 77.05, 550, "T", "DIP", "$2N6358", "", "C", 78.74, 78.74, 51.18, 0],
		[289, "SW5_1", 77.05, 550, "B", "DIP", "$2N6358", "", "C", 78.74, 78.74, 51.18, 0],
		[290, "SW5_2", 332.95, 550, "T", "DIP", "$2N6358", "", "C", 78.74, 78.74, 47.2, 0],
		[291, "SW5_2", 332.95, 550, "B", "DIP", "$2N6358", "", "C", 78.74, 78.74, 47.2, 0],
		[292, "SW5_3", 77.05, 372.84, "T", "DIP", "$2N6580", "", "C", 78.74, 78.74, 51.18, 0],
		[293, "SW5_3", 77.05, 372.84, "B", "DIP", "$2N6580", "", "C", 78.74, 78.74, 51.18, 0],
		[294, "SW5_4", 332.95, 372.84, "T", "DIP", "SW5_4", "", "C", 78.74, 78.74, 51.18, 0],
		[295, "SW5_4", 332.95, 372.84, "B", "DIP", "SW5_4", "", "C", 78.74, 78.74, 51.18, 0],
		[296, "SW5_5", 205.05, 300, "T", "DIP", "GND", "GND", "C", 78.74, 78.74, 51.18, 0],
		[297, "SW5_5", 205.05, 300, "B", "DIP", "GND", "GND", "C", 78.74, 78.74, 51.18, 0],
		[298, "SW6_1", 77.05, 881.25, "T", "DIP", "$2N6363", "", "C", 78.74, 78.74, 51.18, 0],
		[299, "SW6_1", 77.05, 881.25, "B", "DIP", "$2N6363", "", "C", 78.74, 78.74, 51.18, 0],
		[300, "SW6_2", 332.95, 881.25, "T", "DIP", "$2N6363", "", "C", 78.74, 78.74, 47.2, 0],
		[301, "SW6_2", 332.95, 881.25, "B", "DIP", "$2N6363", "", "C", 78.74, 78.74, 47.2, 0],
		[302, "SW6_3", 77.05, 704.09, "T", "DIP", "$2N6582", "", "C", 78.74, 78.74, 51.18, 0],
		[303, "SW6_3", 77.05, 704.09, "B", "DIP", "$2N6582", "", "C", 78.74, 78.74, 51.18, 0],
		[304, "SW6_4", 332.95, 704.09, "T", "DIP", "SW6_4", "", "C", 78.74, 78.74, 51.18, 0],
		[305, "SW6_4", 332.95, 704.09, "B", "DIP", "SW6_4", "", "C", 78.74, 78.74, 51.18, 0],
		[306, "SW6_5", 205.05, 631.25, "T", "DIP", "GND", "GND", "C", 78.74, 78.74, 51.18, 0],
		[307, "SW6_5", 205.05, 631.25, "B", "DIP", "GND", "GND", "C", 78.74, 78.74, 51.18, 0],
		[308, "SW7_1", 77.05, 1212.5, "T", "DIP", "$2N6353", "", "C", 78.74, 78.74, 51.18, 0],
		[309, "SW7_1", 77.05, 1212.5, "B", "DIP", "$2N6353", "", "C", 78.74, 78.74, 51.18, 0],
		[310, "SW7_2", 332.95, 1212.5, "T", "DIP", "$2N6353", "", "C", 78.74, 78.74, 47.2, 0],
		[311, "SW7_2", 332.95, 1212.5, "B", "DIP", "$2N6353", "", "C", 78.74, 78.74, 47.2, 0],
		[312, "SW7_3", 77.05, 1035.34, "T", "DIP", "$2N6578", "", "C", 78.74, 78.74, 51.18, 0],
		[313, "SW7_3", 77.05, 1035.34, "B", "DIP", "$2N6578", "", "C", 78.74, 78.74, 51.18, 0],
		[314, "SW7_4", 332.95, 1035.34, "T", "DIP", "SW7_4", "", "C", 78.74, 78.74, 51.18, 0],
		[315, "SW7_4", 332.95, 1035.34, "B", "DIP", "SW7_4", "", "C", 78.74, 78.74, 51.18, 0],
		[316, "SW7_5", 205.05, 962.5, "T", "DIP", "GND", "GND", "C", 78.74, 78.74, 51.18, 0],
		[317, "SW7_5", 205.05, 962.5, "B", "DIP", "GND", "GND", "C", 78.74, 78.74, 51.18, 0],
		[318, "SW8_1", 77.05, 1543.75, "T", "DIP", "$2N6348", "", "C", 78.74, 78.74, 51.18, 0],
		[319, "SW8_1", 77.05, 1543.75, "B", "DIP", "$2N6348", "", "C", 78.74, 78.74, 51.18, 0],
		[320, "SW8_2", 332.95, 1543.75, "T", "DIP", "$2N6348", "", "C", 78.74, 78.74, 47.2, 0],
		[321, "SW8_2", 332.95, 1543.75, "B", "DIP", "$2N6348", "", "C", 78.74, 78.74, 47.2, 0],
		[322, "SW8_3", 77.05, 1366.59, "T", "DIP", "$2N6576", "", "C", 78.74, 78.74, 51.18, 0],
		[323, "SW8_3", 77.05, 1366.59, "B", "DIP", "$2N6576", "", "C", 78.74, 78.74, 51.18, 0],
		[324, "SW8_4", 332.95, 1366.59, "T", "DIP", "SW8_4", "", "C", 78.74, 78.74, 51.18, 0],
		[325, "SW8_4", 332.95, 1366.59, "B", "DIP", "SW8_4", "", "C", 78.74, 78.74, 51.18, 0],
		[326, "SW8_5", 205.05, 1293.75, "T", "DIP", "GND", "GND", "C", 78.74, 78.74, 51.18, 0],
		[327, "SW8_5", 205.05, 1293.75, "B", "DIP", "GND", "GND", "C", 78.74, 78.74, 51.18, 0],
		[328, "SW9_1", 77.05, 1875, "T", "DIP", "$2N6344", "", "C", 78.74, 78.74, 51.18, 0],
		[329, "SW9_1", 77.05, 1875, "B", "DIP", "$2N6344", "", "C", 78.74, 78.74, 51.18, 0],
		[330, "SW9_2", 332.95, 1875, "T", "DIP", "$2N6344", "", "C", 78.74, 78.74, 47.2, 0],
		[331, "SW9_2", 332.95, 1875, "B", "DIP", "$2N6344", "", "C", 78.74, 78.74, 47.2, 0],
		[332, "SW9_3", 77.05, 1697.84, "T", "DIP", "$2N6573", "", "C", 78.74, 78.74, 51.18, 0],
		[333, "SW9_3", 77.05, 1697.84, "B", "DIP", "$2N6573", "", "C", 78.74, 78.74, 51.18, 0],
		[334, "SW9_4", 332.95, 1697.84, "T", "DIP", "SW9_4", "", "C", 78.74, 78.74, 51.18, 0],
		[335, "SW9_4", 332.95, 1697.84, "B", "DIP", "SW9_4", "", "C", 78.74, 78.74, 51.18, 0],
		[336, "SW9_5", 205.05, 1625, "T", "DIP", "GND", "GND", "C", 78.74, 78.74, 51.18, 0],
		[337, "SW9_5", 205.05, 1625, "B", "DIP", "GND", "GND", "C", 78.74, 78.74, 51.18, 0]
	]
}
}